law,pre_unsafe,post_unsafe,pre_comp,post_comp,pre_pred07,post_pred07,pre_ta07,post_ta07
Law38_0_2,0.0,0.0,100.0,100.0,0.0,0.0,0.0,0.0
Law38_1_1,58.8235294117647,58.8235294117647,41.1764705882353,41.1764705882353,58.8235294117647,58.8235294117647,27.87227259,27.87227259
Law38_2_1,0.0,0.0,100.0,100.0,0.0,0.0,0.0,0.0
Law38_2_2,0.0,0.0,100.0,100.0,0.0,0.0,0.0,0.0
Law44_2,0.0,0.0,100.0,100.0,0.0,0.0,0.0,0.0
Law53_0_1,0.0,0.0,100.0,100.0,0.0,0.0,0.0,0.0
