law,avg_baseline_pct,avg_optimized_prob_pct,avg_mc_prob_pct,delta_opt_minus_base
Law38_0_2,0.0,0.04964759918345939,0.02,0.04964759918345939
Law38_1_1,0.0,0.2845404518473932,0.25,0.2845404518473932
Law38_2_1,0.0,0.33741871551542035,0.17,0.33741871551542035
Law38_2_2,0.0,0.029061034463002074,0.01,0.029061034463002074
Law44_2,0.0,0.007732416907362677,0.01,0.007732416907362677
Law53_0_1,0.0,0.3036801868826111,0.22000000000000003,0.3036801868826111
