{
  "folder": "log_raw_t40",
  "spec": {
    "kind": "F",
    "a": 0.0,
    "b": 5.0,
    "theta": 0.9,
    "predicate": {
      "unsafe": "1"
    }
  },
  "baseline": {
    "baseline_total_logs": 30,
    "baseline_satisfied": 0,
    "baseline_pct": 0.0
  },
  "optimized": {
    "optimized_prob": 0.1448281402026668,
    "initial_states": 30,
    "a_steps": 0,
    "b_steps": 5,
    "mc_trials": 1000,
    "mc_prob": 0.112,
    "mc_stderr": 0.00997276290703835,
    "mc_ci95_low": 0.09245338470220484,
    "mc_ci95_high": 0.13154661529779516,
    "mc_vs_optimized_delta": -0.03282814020266679
  },
  "proguard_offline": {
    "reach": {
      "unsafe_pct_before": 3.3333333333333335,
      "unsafe_pct_after": 3.3333333333333335,
      "completion_pct": 0.0
    },
    "law": {
      "prediction_pct": {
        "0.3": 100.0,
        "0.5": 100.0,
        "0.7": 3.3333333333333335
      },
      "time_ahead_s": {
        "0.3": 1.0,
        "0.5": 1.0,
        "0.7": 8.0
      }
    }
  }
}