{
  "folder": "log_raw_t265",
  "spec": {
    "kind": "F",
    "a": 0.0,
    "b": 5.0,
    "theta": 0.9,
    "predicate": {
      "unsafe": "1"
    }
  },
  "baseline": {
    "baseline_total_logs": 30,
    "baseline_satisfied": 1,
    "baseline_pct": 3.3333333333333335
  },
  "optimized": {
    "optimized_prob": 0.05956474290480096,
    "initial_states": 30,
    "a_steps": 0,
    "b_steps": 5,
    "mc_trials": 1000,
    "mc_prob": 0.044,
    "mc_stderr": 0.006485676526007136,
    "mc_ci95_low": 0.03128807400902601,
    "mc_ci95_high": 0.05671192599097399,
    "mc_vs_optimized_delta": -0.015564742904800963
  },
  "proguard_offline": {
    "reach": {
      "unsafe_pct_before": 3.3333333333333335,
      "unsafe_pct_after": 3.3333333333333335,
      "completion_pct": 0.0
    },
    "law": {
      "prediction_pct": {
        "0.3": 3.3333333333333335,
        "0.5": 3.3333333333333335,
        "0.7": 3.3333333333333335
      },
      "time_ahead_s": {
        "0.3": 4.0,
        "0.5": 5.0,
        "0.7": 5.0
      }
    }
  }
}