{
  "mode": "Law38_2_2",
  "num_initials": 33,
  "pk": {
    "5": 0.02175537628528505,
    "10": 0.03250907018060875,
    "20": 0.048542006672366536
  },
  "terminal": {
    "unsafe": 0.44786287975535244,
    "safe_done": 0.0,
    "timeout": 0.5521371202446476
  }
}