{
  "mode": "Law38_1_1",
  "num_initials": 51,
  "pk": {
    "5": 0.0056335888379988605,
    "10": 0.01107369583005389,
    "20": 0.020550210124953016
  },
  "terminal": {
    "unsafe": 0.27012571966435867,
    "safe_done": 0.0,
    "timeout": 0.7298742803356413
  }
}