{
  "mode": "Law38_2_1",
  "num_initials": 34,
  "pk": {
    "5": 0.009348722950835232,
    "10": 0.01836945657166833,
    "20": 0.03406657889630095
  },
  "terminal": {
    "unsafe": 0.4218611976809283,
    "safe_done": 0.0,
    "timeout": 0.5781388023190717
  }
}