{
  "mode": "Law38_0_2",
  "num_initials": 35,
  "pk": {
    "5": 0.004150254464193198,
    "10": 0.008202814430840437,
    "20": 0.01537086123311166
  },
  "terminal": {
    "unsafe": 0.37024851454893964,
    "safe_done": 0.0,
    "timeout": 0.6297514854510604
  }
}