{
  "mode": "Law44_2",
  "num_initials": 32,
  "pk": {
    "5": 0.0010481741010242036,
    "10": 0.002144769436672995,
    "20": 0.004259455118509711
  },
  "terminal": {
    "unsafe": 0.37264262572289153,
    "safe_done": 0.0,
    "timeout": 0.6273573742771085
  }
}