{
  "mode": "Law53_0_1",
  "num_initials": 32,
  "pk": {
    "5": 0.010250103234573102,
    "10": 0.02013732435349879,
    "20": 0.03733431278538604
  },
  "terminal": {
    "unsafe": 0.45005277631649837,
    "safe_done": 0.0,
    "timeout": 0.5499472236835017
  }
}