{
  "folder": "log_raw_t251",
  "spec": {
    "kind": "F",
    "a": 0.0,
    "b": 2.0,
    "theta": 0.9,
    "predicate": {
      "unsafe": "1"
    }
  },
  "baseline": {
    "baseline_total_logs": 30,
    "baseline_satisfied": 30,
    "baseline_pct": 100.0
  },
  "optimized": {
    "optimized_prob": 0.9547868305264762,
    "initial_states": 30,
    "a_steps": 0,
    "b_steps": 2,
    "mc_trials": 1000,
    "mc_prob": 0.903,
    "mc_stderr": 0.009359006357514668,
    "mc_ci95_low": 0.8846563475392712,
    "mc_ci95_high": 0.9213436524607288,
    "mc_vs_optimized_delta": -0.051786830526476146
  },
  "proguard_offline": {
    "reach": {
      "unsafe_pct_before": 93.33333333333333,
      "unsafe_pct_after": 0.0,
      "completion_pct": 100.0
    },
    "law": {
      "prediction_pct": {
        "0.3": 100.0,
        "0.5": 100.0,
        "0.7": 100.0
      },
      "time_ahead_s": {
        "0.3": 1.0,
        "0.5": 1.0,
        "0.7": 1.0
      }
    }
  }
}