{
  "folder": "log_raw_t51",
  "spec": {
    "kind": "F",
    "a": 0.0,
    "b": 2.0,
    "theta": 0.9,
    "predicate": {
      "unsafe": "1"
    }
  },
  "baseline": {
    "baseline_total_logs": 30,
    "baseline_satisfied": 30,
    "baseline_pct": 100.0
  },
  "optimized": {
    "optimized_prob": 0.6025091449474166,
    "initial_states": 30,
    "a_steps": 0,
    "b_steps": 2,
    "mc_trials": 1000,
    "mc_prob": 0.489,
    "mc_stderr": 0.015807561481771943,
    "mc_ci95_low": 0.45801717949572696,
    "mc_ci95_high": 0.519982820504273,
    "mc_vs_optimized_delta": -0.1135091449474166
  },
  "proguard_offline": {
    "reach": {
      "unsafe_pct_before": 93.33333333333333,
      "unsafe_pct_after": 0.0,
      "completion_pct": 100.0
    },
    "law": {
      "prediction_pct": {
        "0.3": 100.0,
        "0.5": 100.0,
        "0.7": 100.0
      },
      "time_ahead_s": {
        "0.3": 1.0,
        "0.5": 1.0,
        "0.7": 1.0
      }
    }
  }
}