mode,baseline_pct,optimized_prob_pct,mc_prob_pct,delta(opt-baseline),delta(opt-mc)
Law38_0_2,0.000000,0.000000,0.0,0.000000,0.0
Law38_1_1,0.000000,0.000000,0.0,0.000000,0.0
Law38_2_1,0.000000,0.000000,0.0,0.000000,0.0
Law38_2_2,0.000000,0.000000,0.0,0.000000,0.0
Law44_2,0.000000,0.000000,0.0,0.000000,0.0
Law53_0_1,0.000000,0.000000,0.0,0.000000,0.0
