mode,baseline_pct,optimized_prob_pct,mc_prob_pct,delta(opt-baseline),delta(opt-mc)
Law38_0_2,0.000000,0.119361,0.0,0.119361,0.11936109907172612
Law38_1_1,0.000000,0.635546,0.6,0.635546,0.03554615750201007
Law38_2_1,0.000000,0.814789,0.4,0.814789,0.41478944608374346
Law38_2_2,0.000000,0.071350,0.0,0.071350,0.07135007095143428
Law44_2,0.000000,0.017674,0.1,0.017674,-0.08232593894883364
Law53_0_1,0.000000,0.731204,0.5,0.731204,0.2312042304692845
