mode,baseline_pct,optimized_prob_pct,mc_prob_pct,delta(opt-baseline),delta(opt-mc)
Law38_0_2,0.000000,0.046131,0.0,0.046131,0.04613089820647184
Law38_1_1,0.000000,0.312922,0.2,0.312922,0.1129220153226338
Law38_2_1,0.000000,0.309940,0.1,0.309940,0.20993960563432432
Law38_2_2,0.000000,0.025520,0.0,0.025520,0.02552004392523929
Law44_2,0.000000,0.008101,0.0,0.008101,0.008100661973375889
Law53_0_1,0.000000,0.281063,0.2,0.281063,0.08106305913941919
