law,aii,baseline_completion,baseline_unsafe_after,baseline_pred_0.7,timeout,unsafe,pk5,pk20,completion_lower,completion_upper,pred0.7_lower,pred0.7_upper,ta_factor_lower,ta_factor_upper,unsafe_after_lower,unsafe_after_upper
Law38_2_2,0.662,100.0,0.0,0.0,0.5521371202446476,0.44786287975535244,0.02175537628528505,0.048542006672366536,100.0,100.0,13.247,26.494,1.199,1.464,0.0,0.0
Law38_2_1,0.647,100.0,0.0,0.0,0.5781388023190717,0.4218611976809283,0.009348722950835232,0.03406657889630095,100.0,100.0,12.945,25.889,1.194,1.453,0.0,0.0
Law38_0_2,0.513,100.0,0.0,0.0,0.6297514854510604,0.37024851454893964,0.004150254464193198,0.01537086123311166,100.0,100.0,10.264,20.528,1.154,1.359,0.0,0.0
Law44_2,0.424,100.0,0.0,0.0,0.6273573742771085,0.37264262572289153,0.0010481741010242036,0.004259455118509711,100.0,100.0,8.476,16.951,1.127,1.297,0.0,0.0
Law53_0_1,0.665,100.0,0.0,0.0,0.5499472236835017,0.45005277631649837,0.010250103234573102,0.03733431278538604,100.0,100.0,13.3,26.599,1.199,1.465,0.0,0.0
Law38_1_1,0.584,41.1764705882353,19.607843137254903,58.8235294117647,0.7298742803356413,0.27012571966435867,0.0056335888379988605,0.020550210124953016,63.073,84.969,70.507,82.191,1.175,1.409,0.0,11.59
