law,aii,pg_unsafe_after,pg_completion_pct,pg_prediction_pct@0.7,pg_time_ahead_s@0.7,pg_best_theta_min,pg_best_theta_max,pg_best_time_cap,stl_baseline_pct,stl_optimized_prob_pct,stl_pred0.7_lower,stl_pred0.7_upper,stl_timeahead_factor_lower,stl_timeahead_factor_upper,stl_completion_lower,stl_completion_upper,stl_avg_baseline_pct,stl_avg_optimized_prob_pct,stl_delta_opt_minus_base
Law53_0_1,0.665,0.0,100.0,0.0,0.0,0.3,0.6,3.0,0.0,0.2810630591394192,13.3,26.599,1.199,1.465,100.0,100.0,0.0,0.3036801868826111,0.3036801868826111
Law38_2_2,0.662,0.0,100.0,0.0,0.0,0.3,0.6,3.0,0.0,0.02552004392523929,13.247,26.494,1.199,1.464,100.0,100.0,0.0,0.029061034463002074,0.029061034463002074
Law38_2_1,0.647,0.0,100.0,0.0,0.0,0.3,0.6,3.0,0.0,0.3099396056343243,12.945,25.889,1.194,1.453,100.0,100.0,0.0,0.33741871551542035,0.33741871551542035
Law38_1_1,0.584,19.607843137254903,41.1764705882353,58.8235294117647,27274.942608837304,0.3,0.6,3.0,0.0,0.3129220153226338,70.507,82.191,1.175,1.409,63.073,84.969,0.0,0.2845404518473932,0.2845404518473932
Law38_0_2,0.513,0.0,100.0,0.0,0.0,0.2,0.6,3.0,0.0,0.04613089820647184,10.264,20.528,1.154,1.359,100.0,100.0,0.0,0.04964759918345939,0.04964759918345939
Law44_2,0.424,0.0,100.0,0.0,0.0,0.2,0.6,3.0,0.0,0.008100661973375889,8.476,16.951,1.127,1.297,100.0,100.0,0.0,0.007732416907362677,0.007732416907362677
