law,theta_min,theta_max,time_cap,unsafe_after,completion,pred@0.7,time_ahead@0.7
Law38_0_2,0.2,0.6,3.0,0.000000,100.000000,0.000000,0.000000
Law38_1_1,0.3,0.6,3.0,0.000000,41.176471,0.000000,0.000000
Law38_2_1,0.3,0.6,3.0,0.000000,100.000000,0.000000,0.000000
Law38_2_2,0.3,0.6,3.0,0.000000,100.000000,0.000000,0.000000
Law44_2,0.2,0.6,3.0,0.000000,100.000000,0.000000,0.000000
Law53_0_1,0.3,0.6,3.0,0.000000,100.000000,0.000000,0.000000
