law,unsafe_before,unsafe_after,completion_after,pred@0.7,time_ahead@0.7,theta_min,theta_max,time_cap
Law53_0_1,0.000000,0.000000,100.000000,0.000000,0.000000,,,
Law38_2_2,0.000000,0.000000,15.151515,0.000000,0.000000,0.3,0.7,5.0
Law38_2_1,0.000000,0.000000,5.882353,0.000000,0.000000,0.3,0.7,5.0
